{
  "外观设计": 0.12394536827379321,
  "内饰质感": 0.1235126988476571,
  "智能配置": 0.14390585113287277,
  "空间实用": 0.1363197138612862,
  "舒适体验": 0.08957699352438092,
  "操控性能": 0.1508429842652552,
  "续航能耗": 0.14402122964650907,
  "价值认知": 0.08787516044824553
}